{
    "texts": [
        {
            "title": "Подготовка к экзаменам",
            "button_text": "Оставить заявку",
            "ExamAdvantage": [
                {
                    "title": "Эффективная подготовка с My Smart",
                    "advs": [
                        {
                            "test": "Бесплатное тестирование",
                            "teachers": "Преподаватели профессионалы",
                            "programs": "Лучшие программы"
                        }
                    ],
                    "texts": [
                        {
                            "text_1": "Помогаем определить текущий уровень владения языком",
                            "text_2": "Проводим занятия с международными экзаменаторами и носителями языка",
                            "text_3": "Наши программы разработаны опытными педагогами"
                        }
                    ]
                }
            ]
        }
    ]
}