{
    "texts": [
        {
            "about_Company": [
                {
                    "title": "О нашей компании",
                    "text_p1": "Lorem ipsum dolor sit amet, consectetur adipiscing elit. Mauris feugiat sagittis lorem, et pellentesque ipsum euismod fermentum. Vestibulum iaculis non turpis ac facilisis. Nunc mollis sem varius lobortis ultrices. Nam est purus, iaculis vel luctus vel, tristique quis mi. Proin feugiat varius neque, vel euismod magna venenatis dignissim. Etiam ultrices vel diam quis efficitur. Sed hendrerit enim ac dictum semper. Aliquam consequat mi nulla, pellentesque tempor velit rutrum a. Sed ac orci sed urna sagittis dignissim. Pellentesque tempus, eros nec lobortis sodales, diam ligula rutrum libero, euismod interdum mauris ipsum ut felis. Duis non felis id dui accumsan sagittis. Donec sit amet velit maximus, porta ligula quis, rhoncus magna. Ut tempus cursus consequat. Integer nec erat vitae diam finibus dapibus.",
                    "text_p2": "Maecenas ac sapien ullamcorper, porta massa ac, bibendum eros. Nullam sit amet erat arcu. Aliquam erat volutpat. Donec luctus, orci non sodales cursus, erat purus aliquet justo, eget malesuada orci nibh in neque. Cras a justo finibus, viverra ante vestibulum, feugiat neque. Sed non ipsum tincidunt, vehicula lectus vel, luctus massa. Aliquam leo enim, facilisis et nulla vitae, auctor tincidunt lectus. Phasellus eu consequat justo, at volutpat arcu. Integer finibus fringilla urna, eget maximus quam elementum ut."
                }
            ],
            "general": [
                {
                    "title": "Подготовка к экзаменам",
                    "button_text": "Оставить заявку"
                }
            ]
        }
    ]
}