{
    "texts": [
        {
            "title": "Другие языки",
            "button_1": "Узнать подробнее",
            "button_2": "Узнать подробнее",
            "LanguageOne": "Испанский",
            "LanguageTwo": "Китайский",
            "textLanguagesOne": "Lorem ipsum dolor sit amet, consectetur adipiscing elit. Pellentesque commodo, lectus vitae ullamcorper tincidunt, metus justo iaculis nisl, ut facilisis tortor ipsum eget justo. Suspendisse imperdiet, nulla et euismod posuere, dui mauris eleifend ligula, sed ullamcorper urna justo a urna.",
            "textLanguagesTwo": "Lorem ipsum dolor sit amet, consectetur adipiscing elit. Pellentesque commodo, lectus vitae ullamcorper tincidunt, metus justo iaculis nisl, ut facilisis tortor ipsum eget justo. Suspendisse imperdiet, nulla et euismod posuere, dui mauris eleifend ligula, sed ullamcorper urna justo a urna.",
            "langMainText": "Sed ut perspiciatis unde omnis iste natus error sit voluptatem accusantium doloremque laudantium, totam rem aperiam, eaque ipsa quae ab illo inventore veritatis et quasi architecto beatae vitae dicta sunt explicabo. Nemo enim ipsam voluptatem quia voluptas sit aspernatur aut odit aut fugit, sed quia consequuntur magni dolores eos qui ratione voluptatem sequi nesciunt. Neque porro quisquam est, qui dolorem ipsum quia dolor sit amet, consectetur, adipisci velit, sed quia non numquam eius modi tempora incidunt ut labore et dolore magnam aliquam quaerat voluptatem. Ut enim ad minima veniam, quis nostrum exercitationem ullam corporis suscipit laboriosam, nisi ut aliquid ex ea commodi consequatur? Quis autem vel eum iure reprehenderit qui in ea voluptate velit esse quam nihil molestiae consequatur, vel illum qui dolorem eum fugiat quo voluptas nulla pariatur?",
            "textBlockShade": "Приглашаем Вас окунуться в удивительный мир изучения иностранных языков вместе с нами!!!"
        }
    ]
}